69,1.00E-10,1.00E-08,1.00E-06,0.4804,0.9549,1,0,20,0.00026,0.00114927850849189,0.00105132437497827
69,1.00E-10,1.00E-06,1.00E-06,0.5254,0.9549,1,0,20,0.00013,0.0014046737326012,0.0105150645735799
69,1.00E-10,1.00E-05,1.00E-06,0.4879,0.9549,1,0,20,0.00013,0.00102158089643724,0.0332658284219878
69,1.00E-10,0.0001,1.00E-06,0.552,0.9549,1,0,20,0,0.000383092836163964,0.105351539380029
69,1.00E-10,0.001,1.00E-06,0.6237,0.9549,1,0,20,0.00013,0.00114927850849189,0.335123866931566
69,1.00E-10,0.005,1.00E-06,0.6165,0.9549,1,0,20,0.00013,0.00102158089643724,0.760981480035931
69,1.00E-10,0.01,1.00E-06,0.6673,0.9549,1,0,20,0.00013,0.00153237134465585,1.09292428310463
69,1.00E-10,0.05,1.00E-06,0.6657,0.9549,1,0,20,0.00013,0.00153237134465585,2.69515923154722
69,1.00E-10,1,1.00E-06,0.6828,0.9549,1,0,20,0.00013,0.00229855701698378,67.7620422318571
69,1.00E-10,inf,1.00E-06,0.705,0.9549,1,0,20,0.61282,0.916102668880092,inf
69,1.00E-10,1.00E-08,1.00E-06,0.4717,0.9549,2,0,20,0,0.00114927850849189,0.00105132437497827
69,1.00E-10,1.00E-06,1.00E-06,0.4836,0.9549,2,0,20,0.00013,0.00127697612054655,0.0105150645735799
69,1.00E-10,1.00E-05,1.00E-06,0.4625,0.9549,2,0,20,0.00013,0.00102158089643724,0.0332658284219878
69,1.00E-10,0.0001,1.00E-06,0.495,0.9549,2,0,20,0.00013,0.00153237134465585,0.105351539380029
69,1.00E-10,0.001,1.00E-06,0.5541,0.9549,2,0,20,0.00013,0.000766185672327927,0.335123866931566
69,1.00E-10,0.005,1.00E-06,0.5758,0.9549,2,0,20,0.00013,0.00178776656876516,0.760981480035931
69,1.00E-10,0.01,1.00E-06,0.5952,0.9549,2,0,20,0.00013,0.00114927850849189,1.09292428310463
69,1.00E-10,0.05,1.00E-06,0.5845,0.9549,2,0,20,0.00013,0.00127697612054655,2.69515923154722
69,1.00E-10,1,1.00E-06,0.6155,0.9549,2,0,20,0.00013,0.00191546418081982,67.7620422318571
69,1.00E-10,inf,1.00E-06,0.705,0.9549,2,0,20,0.61282,0.916102668880092,inf
69,1.00E-10,1.00E-08,1.00E-06,0.4658,0.9549,3,0,20,0.00013,0.00114927850849189,0.00105132437497827
69,1.00E-10,1.00E-06,1.00E-06,0.5108,0.9549,3,0,20,0.00013,0.00114927850849189,0.0105150645735799
69,1.00E-10,1.00E-05,1.00E-06,0.4643,0.9549,3,0,20,0.00013,0.00153237134465585,0.0332658284219878
69,1.00E-10,0.0001,1.00E-06,0.5375,0.9549,3,0,20,0.00013,0.00102158089643724,0.105351539380029
69,1.00E-10,0.001,1.00E-06,0.5461,0.9549,3,0,20,0.00013,0.00114927850849189,0.335123866931566
69,1.00E-10,0.005,1.00E-06,0.5577,0.9549,3,0,20,0.00013,0.00127697612054655,0.760981480035931
69,1.00E-10,0.01,1.00E-06,0.6005,0.9549,3,0,20,0.00013,0.00153237134465585,1.09292428310463
69,1.00E-10,0.05,1.00E-06,0.6641,0.9549,3,0,20,0,0.00127697612054655,2.69515923154722
69,1.00E-10,1,1.00E-06,0.6856,0.9549,3,0,20,0.00013,0.0028093474652024,67.7620422318571
69,1.00E-10,inf,1.00E-06,0.705,0.9549,3,0,20,0.61282,0.916102668880092,inf
69,1.00E-10,1.00E-08,1.00E-06,0.4945,0.9549,42,0,20,0.00013,0.0014046737326012,0.00105132437497827
69,1.00E-10,1.00E-06,1.00E-06,0.4427,0.9549,42,0,20,0.00013,0.0014046737326012,0.0105150645735799
69,1.00E-10,1.00E-05,1.00E-06,0.5074,0.9549,42,0,20,0.00013,0.0014046737326012,0.0332658284219878
69,1.00E-10,0.0001,1.00E-06,0.5261,0.9549,42,0,20,0.00013,0.000893883284382582,0.105351539380029
69,1.00E-10,0.001,1.00E-06,0.6837,0.9549,42,0,20,0.00013,0.00166006895671051,0.335123866931566
69,1.00E-10,0.005,1.00E-06,0.6058,0.9549,42,0,20,0.00013,0.000893883284382582,0.760981480035931
69,1.00E-10,0.01,1.00E-06,0.5818,0.9549,42,0,20,0.00013,0.00102158089643724,1.09292428310463
69,1.00E-10,0.05,1.00E-06,0.6441,0.9549,42,0,20,0.00013,0.00153237134465585,2.69515923154722
69,1.00E-10,1,1.00E-06,0.6802,0.9549,42,0,20,0.00026,0.00255395224109309,67.7620422318571
69,1.00E-10,inf,1.00E-06,0.6728,0.9549,42,0,20,0.61282,0.916102668880092,inf
666,1.00E-10,1.00E-08,1.00E-06,0.5778,0.9549,1,0,13,0.00013,0.00102158089643724,0.00105132437497827
666,1.00E-10,1.00E-06,1.00E-06,0.443,0.9549,1,0,13,0.00013,0.00166006895671051,0.0105150645735799
666,1.00E-10,1.00E-05,1.00E-06,0.5474,0.9549,1,0,13,0.00013,0.00127697612054655,0.0332658284219878
666,1.00E-10,0.0001,1.00E-06,0.4962,0.9549,1,0,13,0.00013,0.000893883284382582,0.105351539380029
666,1.00E-10,0.001,1.00E-06,0.6574,0.9549,1,0,13,0.00013,0.00114927850849189,0.335123866931566
666,1.00E-10,0.005,1.00E-06,0.5781,0.9549,1,0,13,0.00013,0.0014046737326012,0.760981480035931
666,1.00E-10,0.01,1.00E-06,0.5698,0.9549,1,0,13,0.00013,0.00166006895671051,1.09292428310463
666,1.00E-10,0.05,1.00E-06,0.6029,0.9549,1,0,13,0.00013,0.000893883284382582,2.69515923154722
666,1.00E-10,1,1.00E-06,0.5567,0.9549,1,0,13,0.00026,0.00268164985314775,67.7620422318571
666,1.00E-10,inf,1.00E-06,0.6761,0.9549,1,0,13,0.6049,0.914697995147491,inf
666,1.00E-10,1.00E-08,1.00E-06,0.4574,0.9549,2,0,13,0.00013,0.00153237134465585,0.00105132437497827
666,1.00E-10,1.00E-06,1.00E-06,0.4506,0.9549,2,0,13,0.00013,0.00127697612054655,0.0105150645735799
666,1.00E-10,1.00E-05,1.00E-06,0.4695,0.9549,2,0,13,0.00013,0.00114927850849189,0.0332658284219878
666,1.00E-10,0.0001,1.00E-06,0.5153,0.9549,2,0,13,0.00013,0.00153237134465585,0.105351539380029
666,1.00E-10,0.001,1.00E-06,0.5977,0.9549,2,0,13,0.00026,0.0014046737326012,0.335123866931566
666,1.00E-10,0.005,1.00E-06,0.5776,0.9549,2,0,13,0,0.000893883284382582,0.760981480035931
666,1.00E-10,0.01,1.00E-06,0.6259,0.9549,2,0,13,0.00013,0.00166006895671051,1.09292428310463
666,1.00E-10,0.05,1.00E-06,0.6345,0.9549,2,0,13,0.00013,0.00127697612054655,2.69515923154722
666,1.00E-10,1,1.00E-06,0.6025,0.9549,2,0,13,0.00013,0.00306474268931171,67.7620422318571
666,1.00E-10,inf,1.00E-06,0.6761,0.9549,2,0,13,0.6049,0.914697995147491,inf
666,1.00E-10,1.00E-08,1.00E-06,0.5474,0.9549,3,0,13,0.00013,0.000893883284382582,0.00105132437497827
666,1.00E-10,1.00E-06,1.00E-06,0.5715,0.9549,3,0,13,0.00013,0.00102158089643724,0.0105150645735799
666,1.00E-10,1.00E-05,1.00E-06,0.4532,0.9549,3,0,13,0.00013,0.00127697612054655,0.0332658284219878
666,1.00E-10,0.0001,1.00E-06,0.5778,0.9549,3,0,13,0.00013,0.000893883284382582,0.105351539380029
666,1.00E-10,0.001,1.00E-06,0.5393,0.9549,3,0,13,0.00013,0.00178776656876516,0.335123866931566
666,1.00E-10,0.005,1.00E-06,0.6119,0.9549,3,0,13,0.00013,0.00127697612054655,0.760981480035931
666,1.00E-10,0.01,1.00E-06,0.5795,0.9549,3,0,13,0,0.00114927850849189,1.09292428310463
666,1.00E-10,0.05,1.00E-06,0.5717,0.9549,3,0,13,0.00013,0.0014046737326012,2.69515923154722
666,1.00E-10,1,1.00E-06,0.6345,0.9549,3,0,13,0.00013,0.00242625462903844,67.7620422318571
666,1.00E-10,inf,1.00E-06,0.6761,0.9549,3,0,13,0.6049,0.914697995147491,inf
420,1.00E-10,1.00E-08,1.00E-06,0.4766,0.9549,1,0,14,0.00013,0.000893883284382582,0.00105132437497827
420,1.00E-10,1.00E-06,1.00E-06,0.5321,0.9549,1,0,14,0.00013,0.00114927850849189,0.0105150645735799
420,1.00E-10,1.00E-05,1.00E-06,0.4997,0.9549,1,0,14,0.00013,0.00127697612054655,0.0332658284219878
420,1.00E-10,0.0001,1.00E-06,0.558,0.9549,1,0,14,0.00013,0.000893883284382582,0.105351539380029
420,1.00E-10,0.001,1.00E-06,0.593,0.9549,1,0,14,0.00013,0.00166006895671051,0.335123866931566
420,1.00E-10,0.005,1.00E-06,0.5923,0.9549,1,0,14,0.00013,0.00166006895671051,0.760981480035931
420,1.00E-10,0.01,1.00E-06,0.5909,0.9549,1,0,14,0.00013,0.0014046737326012,1.09292428310463
420,1.00E-10,0.05,1.00E-06,0.6051,0.9549,1,0,14,0.00013,0.0014046737326012,2.69515923154722
420,1.00E-10,1,1.00E-06,0.6181,0.9549,1,0,14,0.00026,0.00293704507725706,67.7620422318571
420,1.00E-10,inf,1.00E-06,0.6839,0.9549,1,0,14,0.60299,0.916102668880092,inf
420,1.00E-10,1.00E-08,1.00E-06,0.5208,0.9549,2,0,14,0,0.0014046737326012,0.00105132437497827
420,1.00E-10,1.00E-06,1.00E-06,0.4404,0.9549,2,0,14,0.00013,0.0014046737326012,0.0105150645735799
420,1.00E-10,1.00E-05,1.00E-06,0.4937,0.9549,2,0,14,0.00013,0.00127697612054655,0.0332658284219878
420,1.00E-10,0.0001,1.00E-06,0.5714,0.9549,2,0,14,0.00013,0.00127697612054655,0.105351539380029
420,1.00E-10,0.001,1.00E-06,0.6157,0.9549,2,0,14,0.00013,0.00114927850849189,0.335123866931566
420,1.00E-10,0.005,1.00E-06,0.6434,0.9549,2,0,14,0.00013,0.0014046737326012,0.760981480035931
420,1.00E-10,0.01,1.00E-06,0.5903,0.9549,2,0,14,0,0.00114927850849189,1.09292428310463
420,1.00E-10,0.05,1.00E-06,0.6043,0.9549,2,0,14,0.00013,0.00153237134465585,2.69515923154722
420,1.00E-10,1,1.00E-06,0.6343,0.9549,2,0,14,0.00026,0.0028093474652024,67.7620422318571
420,1.00E-10,inf,1.00E-06,0.6839,0.9549,2,0,14,0.60299,0.916102668880092,inf
420,1.00E-10,1.00E-08,1.00E-06,0.4688,0.9549,3,0,14,0.00013,0.00127697612054655,0.00105132437497827
420,1.00E-10,1.00E-06,1.00E-06,0.507,0.9549,3,0,14,0.00013,0.000893883284382582,0.0105150645735799
420,1.00E-10,1.00E-05,1.00E-06,0.461,0.9549,3,0,14,0.00026,0.0014046737326012,0.0332658284219878
420,1.00E-10,0.0001,1.00E-06,0.5526,0.9549,3,0,14,0.00013,0.0014046737326012,0.105351539380029
420,1.00E-10,0.001,1.00E-06,0.6491,0.9549,3,0,14,0.00013,0.00153237134465585,0.335123866931566
420,1.00E-10,0.005,1.00E-06,0.6486,0.9549,3,0,14,0.00013,0.00166006895671051,0.760981480035931
420,1.00E-10,0.01,1.00E-06,0.6572,0.9549,3,0,14,0.00013,0.00127697612054655,1.09292428310463
420,1.00E-10,0.05,1.00E-06,0.6009,0.9549,3,0,14,0.00013,0.00127697612054655,2.69515923154722
420,1.00E-10,1,1.00E-06,0.6319,0.9549,3,0,14,0.00013,0.00242625462903844,67.7620422318571
420,1.00E-10,inf,1.00E-06,0.6839,0.9549,3,0,14,0.60299,0.916102668880092,inf
