69,1e-10,1e-05,0.0001,0.5256,0.9684,0
69,1e-10,0.05,0.0001,0.5444,0.9684,0
69,1e-10,0.1,0.0001,0.5556,0.9684,0
69,1e-10,0.2,0.0001,0.5433,0.9684,0
69,1e-10,0.3,0.0001,0.5531,0.9684,0
69,1e-10,0.5,0.0001,0.5540,0.9684,0
69,1e-10,0.7,0.0001,0.5179,0.9684,0
69,1e-10,1.0,0.0001,0.5438,0.9684,0
69,1e-10,1.5,0.0001,0.6141,0.9684,0
69,1e-10,2.0,0.0001,0.6488,0.9684,0
69,1e-10,3.0,0.0001,0.5910,0.9684,0
69,1e-10,4.0,0.0001,0.6737,0.9684,0
69,1e-10,5.0,0.0001,0.6465,0.9684,0
69,1e-10,7.0,0.0001,0.7020,0.9684,0
69,1e-10,10.0,0.0001,0.7067,0.9684,0
69,1e-10,15.0,0.0001,0.7162,0.9684,0
69,1e-10,20.0,0.0001,0.7136,0.9684,0
69,1e-10,30.0,0.0001,0.7196,0.9684,0
69,1e-10,40.0,0.0001,0.7190,0.9684,0
69,1e-10,50.0,0.0001,0.7399,0.9684,0
69,1e-10,60.0,0.0001,0.7220,0.9684,0
69,1e-10,70.0,0.0001,0.7236,0.9684,0
69,1e-10,80.0,0.0001,0.7054,0.9684,0
69,1e-10,90.0,0.0001,0.7124,0.9684,0
69,1e-10,100.0,0.0001,0.7196,0.9684,0
69,1e-10,1e-05,0.0001,0.5120,0.9684,1
69,1e-10,0.05,0.0001,0.5340,0.9684,1
69,1e-10,0.1,0.0001,0.4842,0.9684,1
69,1e-10,0.2,0.0001,0.5040,0.9684,1
69,1e-10,0.3,0.0001,0.5215,0.9684,1
69,1e-10,0.5,0.0001,0.5043,0.9684,1
69,1e-10,0.7,0.0001,0.5346,0.9684,1
69,1e-10,1.0,0.0001,0.5047,0.9684,1
69,1e-10,1.5,0.0001,0.6156,0.9684,1
69,1e-10,2.0,0.0001,0.6000,0.9684,1
69,1e-10,3.0,0.0001,0.6284,0.9684,1
69,1e-10,4.0,0.0001,0.6585,0.9684,1
69,1e-10,5.0,0.0001,0.6657,0.9684,1
69,1e-10,7.0,0.0001,0.6996,0.9684,1
69,1e-10,10.0,0.0001,0.7229,0.9684,1
69,1e-10,15.0,0.0001,0.6984,0.9684,1
69,1e-10,20.0,0.0001,0.6981,0.9684,1
69,1e-10,30.0,0.0001,0.7114,0.9684,1
69,1e-10,40.0,0.0001,0.7245,0.9684,1
69,1e-10,50.0,0.0001,0.7218,0.9684,1
69,1e-10,60.0,0.0001,0.7182,0.9684,1
69,1e-10,70.0,0.0001,0.7282,0.9684,1
69,1e-10,80.0,0.0001,0.7319,0.9684,1
69,1e-10,90.0,0.0001,0.7085,0.9684,1
69,1e-10,100.0,0.0001,0.7402,0.9684,1
69,1e-10,1e-05,0.0001,0.5144,0.9684,2
69,1e-10,0.05,0.0001,0.5207,0.9684,2
69,1e-10,0.1,0.0001,0.5327,0.9684,2
69,1e-10,0.2,0.0001,0.5138,0.9684,2
69,1e-10,0.3,0.0001,0.5353,0.9684,2
69,1e-10,0.5,0.0001,0.5329,0.9684,2
69,1e-10,0.7,0.0001,0.5455,0.9684,2
69,1e-10,1.0,0.0001,0.5217,0.9684,2
69,1e-10,1.5,0.0001,0.6028,0.9684,2
69,1e-10,2.0,0.0001,0.5986,0.9684,2
69,1e-10,3.0,0.0001,0.6523,0.9684,2
69,1e-10,4.0,0.0001,0.6658,0.9684,2
69,1e-10,5.0,0.0001,0.6538,0.9684,2
69,1e-10,7.0,0.0001,0.7035,0.9684,2
69,1e-10,10.0,0.0001,0.6957,0.9684,2
69,1e-10,15.0,0.0001,0.7126,0.9684,2
69,1e-10,20.0,0.0001,0.7137,0.9684,2
69,1e-10,30.0,0.0001,0.7117,0.9684,2
69,1e-10,40.0,0.0001,0.7052,0.9684,2
69,1e-10,50.0,0.0001,0.7276,0.9684,2
69,1e-10,60.0,0.0001,0.7102,0.9684,2
69,1e-10,70.0,0.0001,0.6924,0.9684,2
69,1e-10,80.0,0.0001,0.7304,0.9684,2
69,1e-10,90.0,0.0001,0.7311,0.9684,2
69,1e-10,100.0,0.0001,0.7289,0.9684,2
69,1e-10,1e-05,0.0001,0.5086,0.9684,3
69,1e-10,0.05,0.0001,0.5139,0.9684,3
69,1e-10,0.1,0.0001,0.5000,0.9684,3
69,1e-10,0.2,0.0001,0.4961,0.9684,3
69,1e-10,0.3,0.0001,0.4935,0.9684,3
69,1e-10,0.5,0.0001,0.5526,0.9684,3
69,1e-10,0.7,0.0001,0.5759,0.9684,3
69,1e-10,1.0,0.0001,0.5217,0.9684,3
69,1e-10,1.5,0.0001,0.5783,0.9684,3
69,1e-10,2.0,0.0001,0.6583,0.9684,3
69,1e-10,3.0,0.0001,0.6481,0.9684,3
69,1e-10,4.0,0.0001,0.6713,0.9684,3
69,1e-10,5.0,0.0001,0.6849,0.9684,3
69,1e-10,7.0,0.0001,0.6848,0.9684,3
69,1e-10,10.0,0.0001,0.7054,0.9684,3
69,1e-10,15.0,0.0001,0.7003,0.9684,3
69,1e-10,20.0,0.0001,0.7139,0.9684,3
69,1e-10,30.0,0.0001,0.6969,0.9684,3
69,1e-10,40.0,0.0001,0.7255,0.9684,3
69,1e-10,50.0,0.0001,0.7099,0.9684,3
69,1e-10,60.0,0.0001,0.7297,0.9684,3
69,1e-10,70.0,0.0001,0.7122,0.9684,3
69,1e-10,80.0,0.0001,0.7310,0.9684,3
69,1e-10,90.0,0.0001,0.7314,0.9684,3
69,1e-10,100.0,0.0001,0.7095,0.9684,3
69,1e-10,1e-05,0.0001,0.5023,0.9684,4
69,1e-10,0.05,0.0001,0.5145,0.9684,4
69,1e-10,0.1,0.0001,0.5563,0.9684,4
69,1e-10,0.2,0.0001,0.4986,0.9684,4
69,1e-10,0.3,0.0001,0.4942,0.9684,4
69,1e-10,0.5,0.0001,0.5022,0.9684,4
69,1e-10,0.7,0.0001,0.5509,0.9684,4
69,1e-10,1.0,0.0001,0.5575,0.9684,4
69,1e-10,1.5,0.0001,0.5586,0.9684,4
69,1e-10,2.0,0.0001,0.5950,0.9684,4
69,1e-10,3.0,0.0001,0.6121,0.9684,4
69,1e-10,4.0,0.0001,0.6351,0.9684,4
69,1e-10,5.0,0.0001,0.7016,0.9684,4
69,1e-10,7.0,0.0001,0.6956,0.9684,4
69,1e-10,10.0,0.0001,0.7048,0.9684,4
69,1e-10,15.0,0.0001,0.7144,0.9684,4
69,1e-10,20.0,0.0001,0.7289,0.9684,4
69,1e-10,30.0,0.0001,0.7051,0.9684,4
69,1e-10,40.0,0.0001,0.7097,0.9684,4
69,1e-10,50.0,0.0001,0.7186,0.9684,4
69,1e-10,60.0,0.0001,0.6936,0.9684,4
69,1e-10,70.0,0.0001,0.7145,0.9684,4
69,1e-10,80.0,0.0001,0.7278,0.9684,4
69,1e-10,90.0,0.0001,0.7078,0.9684,4
69,1e-10,100.0,0.0001,0.6948,0.9684,4
69,1e-10,1e-05,0.0001,0.5215,0.9684,5
69,1e-10,0.05,0.0001,0.5472,0.9684,5
69,1e-10,0.1,0.0001,0.5312,0.9684,5
69,1e-10,0.2,0.0001,0.5253,0.9684,5
69,1e-10,0.3,0.0001,0.5103,0.9684,5
69,1e-10,0.5,0.0001,0.5443,0.9684,5
69,1e-10,0.7,0.0001,0.5636,0.9684,5
69,1e-10,1.0,0.0001,0.6041,0.9684,5
69,1e-10,1.5,0.0001,0.5868,0.9684,5
69,1e-10,2.0,0.0001,0.5510,0.9684,5
69,1e-10,3.0,0.0001,0.6717,0.9684,5
69,1e-10,4.0,0.0001,0.6308,0.9684,5
69,1e-10,5.0,0.0001,0.6695,0.9684,5
69,1e-10,7.0,0.0001,0.6831,0.9684,5
69,1e-10,10.0,0.0001,0.7231,0.9684,5
69,1e-10,15.0,0.0001,0.7186,0.9684,5
69,1e-10,20.0,0.0001,0.7225,0.9684,5
69,1e-10,30.0,0.0001,0.7203,0.9684,5
69,1e-10,40.0,0.0001,0.7169,0.9684,5
69,1e-10,50.0,0.0001,0.6983,0.9684,5
69,1e-10,60.0,0.0001,0.7296,0.9684,5
69,1e-10,70.0,0.0001,0.7173,0.9684,5
69,1e-10,80.0,0.0001,0.7149,0.9684,5
69,1e-10,90.0,0.0001,0.7272,0.9684,5
69,1e-10,100.0,0.0001,0.7161,0.9684,5
