69,1e-10,1e-08,1e-06,0.4745,0.4706,1,0.0000,0,0.00049,0.0034330554193231977,0.0010513243749782732,1
69,1e-10,1e-06,1e-06,0.4406,0.4706,1,0.0000,0,0.00049,0.00392349190779794,0.010515064573579917,1
69,1e-10,1e-05,1e-06,0.4268,0.4706,1,0.0000,0,0.00049,0.00392349190779794,0.03326582842198781,1
69,1e-10,0.0001,1e-06,0.5185,0.4853,1,0.0000,0,0.00049,0.0063756743501716525,0.10535153938002939,1
69,1e-10,0.001,1e-06,0.6040,0.5294,1,0.0000,0,0.00049,0.012260912211868563,0.3351238669315664,1
69,1e-10,0.005,1e-06,0.5998,0.5931,1,0.0000,0,0.00294,0.018636586562040217,0.7609814800359306,1
69,1e-10,0.01,1e-06,0.5921,0.5882,1,0.0000,0,0.00392,0.024521824423737126,1.0929242831046349,1
69,1e-10,0.05,1e-06,0.5779,0.5686,1,0.0000,0,0.00736,0.04315841098577734,2.695159231547217,1
69,1e-10,1.0,1e-06,0.5976,0.5784,1,0.0000,0,0.02305,0.13241785188818048,67.7620422318571,1
69,1e-10,inf,1e-06,0.6419,0.5784,1,0.0000,0,0.76949,1.0,inf,1
69,1e-10,1e-08,1e-06,0.5000,0.4706,2,0.0000,0,0.00098,0.00392349190779794,0.0010513243749782732,1
69,1e-10,1e-06,1e-06,0.5559,0.4706,2,0.0000,0,0.00098,0.004413928396272682,0.010515064573579917,1
69,1e-10,1e-05,1e-06,0.4702,0.4706,2,0.0000,0,0.00098,0.005394801373222168,0.03326582842198781,1
69,1e-10,0.0001,1e-06,0.5839,0.4755,2,0.0000,0,0.00098,0.006866110838646395,0.10535153938002939,1
69,1e-10,0.001,1e-06,0.6035,0.5490,2,0.0000,0,0.00245,0.010299166257969592,0.3351238669315664,1
69,1e-10,0.005,1e-06,0.6059,0.5931,2,0.0000,0,0.00343,0.01765571358509073,0.7609814800359306,1
69,1e-10,0.01,1e-06,0.6046,0.5735,2,0.0000,0,0.00343,0.022560078469838155,1.0929242831046349,1
69,1e-10,0.05,1e-06,0.6263,0.5588,2,0.0000,0,0.00589,0.0392349190779794,2.695159231547217,1
69,1e-10,1.0,1e-06,0.5913,0.5539,2,0.0000,0,0.01864,0.1245708680725846,67.7620422318571,1
69,1e-10,inf,1e-06,0.6402,0.5784,2,0.0000,0,0.76949,1.0,inf,1
69,1e-10,1e-08,1e-06,0.5168,0.4706,3,0.0000,0,0.00000,0.0029426189308484553,0.0010513243749782732,1
69,1e-10,1e-06,1e-06,0.6010,0.4706,3,0.0000,0,0.00000,0.0029426189308484553,0.010515064573579917,1
69,1e-10,1e-05,1e-06,0.5980,0.4706,3,0.0000,0,0.00000,0.0034330554193231977,0.03326582842198781,1
69,1e-10,0.0001,1e-06,0.5643,0.4755,3,0.0000,0,0.00000,0.004904364884747425,0.10535153938002939,1
69,1e-10,0.001,1e-06,0.5912,0.4902,3,0.0000,0,0.00196,0.009318293281020108,0.3351238669315664,1
69,1e-10,0.005,1e-06,0.6007,0.5784,3,0.0000,0,0.00294,0.01765571358509073,0.7609814800359306,1
69,1e-10,0.01,1e-06,0.5995,0.5784,3,0.0000,0,0.00343,0.021088769004413928,1.0929242831046349,1
69,1e-10,0.05,1e-06,0.5838,0.5686,3,0.0000,0,0.00539,0.03433055419323198,2.695159231547217,1
69,1e-10,1.0,1e-06,0.5894,0.5735,3,0.0000,0,0.01815,0.12162824914173614,67.7620422318571,1
69,1e-10,inf,1e-06,0.6551,0.5784,3,0.0000,0,0.76949,1.0,inf,1
666,1e-10,1e-08,1e-06,0.4954,0.4706,1,0.0000,0,0.00098,0.005394801373222168,0.0010513243749782732,1
666,1e-10,1e-06,1e-06,0.5647,0.4706,1,0.0000,0,0.00098,0.005394801373222168,0.010515064573579917,1
666,1e-10,1e-05,1e-06,0.5730,0.4706,1,0.0000,0,0.00098,0.0063756743501716525,0.03326582842198781,1
666,1e-10,0.0001,1e-06,0.5388,0.4853,1,0.0000,0,0.00196,0.008827856792545365,0.10535153938002939,1
666,1e-10,0.001,1e-06,0.6081,0.5490,1,0.0000,0,0.00294,0.013241785188818049,0.3351238669315664,1
666,1e-10,0.005,1e-06,0.5930,0.5686,1,0.0000,0,0.00392,0.020598332515939184,0.7609814800359306,1
666,1e-10,0.01,1e-06,0.6054,0.5784,1,0.0000,0,0.00490,0.02746444335458558,1.0929242831046349,1
666,1e-10,0.05,1e-06,0.5993,0.5539,1,0.0000,0,0.00883,0.04904364884747425,2.695159231547217,1
666,1e-10,1.0,1e-06,0.5882,0.5490,1,0.0000,0,0.02403,0.14124570868072583,67.7620422318571,1
666,1e-10,inf,1e-06,0.6458,0.5637,1,0.0000,0,0.74939,1.0,inf,1
666,1e-10,1e-08,1e-06,0.5741,0.4706,2,0.0000,0,0.00049,0.005885237861696911,0.0010513243749782732,1
666,1e-10,1e-06,1e-06,0.4354,0.4706,2,0.0000,0,0.00049,0.0063756743501716525,0.010515064573579917,1
666,1e-10,1e-05,1e-06,0.4279,0.4706,2,0.0000,0,0.00049,0.0063756743501716525,0.03326582842198781,1
666,1e-10,0.0001,1e-06,0.4486,0.4706,2,0.0000,0,0.00147,0.008827856792545365,0.10535153938002939,1
666,1e-10,0.001,1e-06,0.5137,0.5049,2,0.0000,0,0.00245,0.01373222167729279,0.3351238669315664,1
666,1e-10,0.005,1e-06,0.6022,0.5784,2,0.0000,0,0.00441,0.019127023050514957,0.7609814800359306,1
666,1e-10,0.01,1e-06,0.6112,0.5784,2,0.0000,0,0.00539,0.024031387935262383,1.0929242831046349,1
666,1e-10,0.05,1e-06,0.5984,0.5490,2,0.0000,0,0.00834,0.04659146640510054,2.695159231547217,1
666,1e-10,1.0,1e-06,0.5919,0.5637,2,0.0000,0,0.02207,0.14664051005394801,67.7620422318571,1
666,1e-10,inf,1e-06,0.6515,0.5686,2,0.0000,0,0.74939,1.0,inf,1
666,1e-10,1e-08,1e-06,0.5590,0.4706,3,0.0000,0,0.00049,0.004413928396272682,0.0010513243749782732,1
666,1e-10,1e-06,1e-06,0.4325,0.4706,3,0.0000,0,0.00049,0.004413928396272682,0.010515064573579917,1
666,1e-10,1e-05,1e-06,0.5812,0.4706,3,0.0000,0,0.00049,0.004413928396272682,0.03326582842198781,1
666,1e-10,0.0001,1e-06,0.5091,0.4755,3,0.0000,0,0.00049,0.0063756743501716525,0.10535153938002939,1
666,1e-10,0.001,1e-06,0.6033,0.5000,3,0.0000,0,0.00196,0.013241785188818049,0.3351238669315664,1
666,1e-10,0.005,1e-06,0.6040,0.5735,3,0.0000,0,0.00392,0.021088769004413928,0.7609814800359306,1
666,1e-10,0.01,1e-06,0.6046,0.5980,3,0.0000,0,0.00490,0.027954879843060325,1.0929242831046349,1
666,1e-10,0.05,1e-06,0.6033,0.5490,3,0.0000,0,0.00687,0.04855321235899951,2.695159231547217,1
666,1e-10,1.0,1e-06,0.5679,0.5735,3,0.0000,0,0.02305,0.14222658165767532,67.7620422318571,1
666,1e-10,inf,1e-06,0.6536,0.5833,3,0.0000,0,0.74939,1.0,inf,1
420,1e-10,1e-08,1e-06,0.4838,0.4706,1,0.0000,0,0.00049,0.004413928396272682,0.0010513243749782732,1
420,1e-10,1e-06,1e-06,0.6101,0.4706,1,0.0000,0,0.00049,0.004904364884747425,0.010515064573579917,1
420,1e-10,1e-05,1e-06,0.5123,0.4706,1,0.0000,0,0.00049,0.004904364884747425,0.03326582842198781,1
420,1e-10,0.0001,1e-06,0.5959,0.4853,1,0.0000,0,0.00049,0.00784698381559588,0.10535153938002939,1
420,1e-10,0.001,1e-06,0.6058,0.5000,1,0.0000,0,0.00098,0.01373222167729279,0.3351238669315664,1
420,1e-10,0.005,1e-06,0.6062,0.5588,1,0.0000,0,0.00343,0.021088769004413928,0.7609814800359306,1
420,1e-10,0.01,1e-06,0.6000,0.5882,1,0.0000,0,0.00392,0.02550269740068661,1.0929242831046349,1
420,1e-10,0.05,1e-06,0.6002,0.5588,1,0.0000,0,0.00736,0.0461010299166258,2.695159231547217,1
420,1e-10,1.0,1e-06,0.6077,0.5588,1,0.0000,0,0.02256,0.13241785188818048,67.7620422318571,1
420,1e-10,inf,1e-06,0.6382,0.5735,1,0.0000,0,0.75969,1.0,inf,1
420,1e-10,1e-08,1e-06,0.5000,0.5294,2,0.0000,0,0.00049,0.00392349190779794,0.0010513243749782732,1
420,1e-10,1e-06,1e-06,0.4735,0.5294,2,0.0000,0,0.00049,0.0034330554193231977,0.010515064573579917,1
420,1e-10,1e-05,1e-06,0.5589,0.4706,2,0.0000,0,0.00049,0.00392349190779794,0.03326582842198781,1
420,1e-10,0.0001,1e-06,0.4791,0.4706,2,0.0000,0,0.00049,0.004413928396272682,0.10535153938002939,1
420,1e-10,0.001,1e-06,0.5679,0.5294,2,0.0000,0,0.00098,0.011770475723393821,0.3351238669315664,1
420,1e-10,0.005,1e-06,0.6068,0.5882,2,0.0000,0,0.00196,0.0230505149583129,0.7609814800359306,1
420,1e-10,0.01,1e-06,0.6026,0.5882,2,0.0000,0,0.00245,0.032368808239333004,1.0929242831046349,1
420,1e-10,0.05,1e-06,0.5894,0.5490,2,0.0000,0,0.00834,0.04855321235899951,2.695159231547217,1
420,1e-10,1.0,1e-06,0.5817,0.5686,2,0.0000,0,0.02109,0.1392839627268269,67.7620422318571,1
420,1e-10,inf,1e-06,0.6329,0.5784,2,0.0000,0,0.75969,1.0,inf,1
420,1e-10,1e-08,1e-06,0.4998,0.4706,3,0.0000,0,0.00098,0.0063756743501716525,0.0010513243749782732,1
420,1e-10,1e-06,1e-06,0.5669,0.4706,3,0.0000,0,0.00049,0.0063756743501716525,0.010515064573579917,1
420,1e-10,1e-05,1e-06,0.5585,0.4706,3,0.0000,0,0.00098,0.0063756743501716525,0.03326582842198781,1
420,1e-10,0.0001,1e-06,0.4416,0.4706,3,0.0000,0,0.00049,0.00784698381559588,0.10535153938002939,1
420,1e-10,0.001,1e-06,0.5610,0.5000,3,0.0000,0,0.00196,0.012751348700343305,0.3351238669315664,1
420,1e-10,0.005,1e-06,0.6073,0.5588,3,0.0000,0,0.00245,0.020598332515939184,0.7609814800359306,1
420,1e-10,0.01,1e-06,0.5998,0.5686,3,0.0000,0,0.00392,0.0230505149583129,1.0929242831046349,1
420,1e-10,0.05,1e-06,0.5969,0.5539,3,0.0000,0,0.00736,0.03678273663560569,2.695159231547217,1
420,1e-10,1.0,1e-06,0.5945,0.5735,3,0.0000,0,0.01913,0.13290828837665522,67.7620422318571,1
420,1e-10,inf,1e-06,0.6366,0.5784,3,0.0000,0,0.75969,1.0,inf,1
