69,1e-10,0.01,1e-06,0.7654,0.4420,1,0.0000,0,0.02320,0.10242048409681936,1.0929242831046349,1
69,1e-10,inf,1e-06,0.8072,0.5000,1,0.0000,0,1.00000,1.0,inf,1
69,1e-10,0.01,1e-06,0.7430,0.4000,2,0.0000,0,0.02180,0.10422084416883377,1.0929242831046349,1
69,1e-10,inf,1e-06,0.8078,0.5040,2,0.0000,0,1.00000,1.0,inf,1
69,1e-10,0.01,1e-06,0.7441,0.4210,3,0.0000,0,0.02521,0.10922184436887378,1.0929242831046349,1
69,1e-10,inf,1e-06,0.8058,0.5000,3,0.0000,0,1.00000,1.0,inf,1
420,1e-10,0.01,1e-06,0.7391,0.3880,1,0.0000,0,0.01960,0.08721744348869774,1.0929242831046349,1
420,1e-10,inf,1e-06,0.8051,0.5090,1,0.0000,0,1.00000,1.0,inf,1
420,1e-10,0.01,1e-06,0.7292,0.3880,2,0.0000,0,0.01680,0.08421684336867373,1.0929242831046349,1
420,1e-10,inf,1e-06,0.8056,0.5010,2,0.0000,0,1.00000,1.0,inf,1
420,1e-10,0.01,1e-06,0.7378,0.4070,3,0.0000,0,0.01640,0.08701740348069614,1.0929242831046349,1
420,1e-10,inf,1e-06,0.8070,0.5100,3,0.0000,0,1.00000,1.0,inf,1
666,1e-10,0.01,1e-06,0.7704,0.4390,1,0.0000,0,0.01280,0.07841568313662732,1.0929242831046349,1
666,1e-10,inf,1e-06,0.8035,0.5190,1,0.0000,0,0.99900,1.0,inf,1
666,1e-10,0.01,1e-06,0.7642,0.4280,2,0.0000,0,0.01420,0.08661732346469293,1.0929242831046349,1
666,1e-10,inf,1e-06,0.8032,0.5140,2,0.0000,0,0.99900,1.0,inf,1
666,1e-10,0.01,1e-06,0.7489,0.4310,3,0.0000,0,0.01340,0.08281656331266253,1.0929242831046349,1
666,1e-10,inf,1e-06,0.8016,0.5140,3,0.0000,0,0.99900,1.0,inf,1
