69,1e-10,0.01,1e-06,0.7731,0.7575,1,0.0000,0,0.05800,0.2055,1.0929242831046349,1
69,1e-10,inf,1e-06,0.8689,0.7850,1,0.0000,0,0.99900,1.0,inf,1
69,1e-10,0.01,1e-06,0.7847,0.7575,2,0.0000,0,0.06500,0.199,1.0929242831046349,1
69,1e-10,inf,1e-06,0.8689,0.7850,2,0.0000,0,0.99900,1.0,inf,1
69,1e-10,0.01,1e-06,0.7654,0.7575,3,0.0000,0,0.06250,0.195,1.0929242831046349,1
69,1e-10,inf,1e-06,0.8689,0.7850,3,0.0000,0,0.99900,1.0,inf,1
420,1e-10,0.01,1e-06,0.7716,0.7575,1,0.0000,0,0.04850,0.1885,1.0929242831046349,1
420,1e-10,inf,1e-06,0.8715,0.7975,1,0.0000,0,0.99900,1.0,inf,1
420,1e-10,0.01,1e-06,0.7896,0.7575,2,0.0000,0,0.05600,0.2015,1.0929242831046349,1
420,1e-10,inf,1e-06,0.8715,0.7975,2,0.0000,0,0.99900,1.0,inf,1
420,1e-10,0.01,1e-06,0.7671,0.7575,3,0.0000,0,0.05050,0.1905,1.0929242831046349,1
420,1e-10,inf,1e-06,0.8715,0.7975,3,0.0000,0,0.99900,1.0,inf,1
666,1e-10,0.01,1e-06,0.7793,0.7575,1,0.0000,0,0.02350,0.1645,1.0929242831046349,1
666,1e-10,inf,1e-06,0.7917,0.7300,1,0.0000,0,0.99900,1.0,inf,1
666,1e-10,0.01,1e-06,0.7824,0.7575,2,0.0000,0,0.03000,0.178,1.0929242831046349,1
666,1e-10,inf,1e-06,0.7917,0.7300,2,0.0000,0,0.99900,1.0,inf,1
666,1e-10,0.01,1e-06,0.7654,0.7575,3,0.0000,0,0.02400,0.161,1.0929242831046349,1
666,1e-10,inf,1e-06,0.7917,0.7300,3,0.0000,0,0.99900,1.0,inf,1
