69,1e-10,0.01,1e-06,0.7137,0.9684,3,0.0000,0,0.00034,0.0023099180586962334,1.0929,1
69,1e-10,0.01,1e-06,0.6984,0.9684,1,0.0000,0,0.00032,0.002553067328032679,1.0929,1
69,1e-10,0.01,1e-06,0.6588,0.9684,2,0.0000,0,0.00039,0.00250443747416539,1.0929,1
420,1e-10,0.01,1e-06,0.6963,0.9684,3,0.0,0,0.00022,0.0027719016704354,1.0929,1
420,1e-10,0.01,1e-06,0.6982,0.9684,2,0.0,0,0.00029,0.0024801225472317,1.0929,1
420,1e-10,0.01,1e-06,0.6882,0.9684,1,0.0,0,0.00029,0.0024801225472317,1.0929,1
666,1e-10,0.01,1e-06,0.6936,0.9684,1,0.0000,0,0.00034,0.0031123106475065042,1.0929,1
666,1e-10,0.01,1e-06,0.7291,0.9684,2,0.0000,0,0.00027,0.002358547912563523,1.0929,1
666,1e-10,0.01,1e-06,0.7162,0.9684,3,0.0000,0,0.00039,0.0023828628394971674,1.0929,1
69,1e-10,0.01,1e-06,0.5337,0.9684,2,0.0000,0,0.00027,0.002358547912563523,1.0929242831046349,2
69,1e-10,0.01,1e-06,0.5519,0.9684,3,0.0000,0,0.00034,0.0019451941546915652,1.0929242831046349,2
69,1e-10,0.01,1e-06,0.5464,0.9684,1,0.0000,0,0.00029,0.0022369732778953,1.0929242831046349,2
420,1e-10,0.01,1e-06,0.5966,0.9684,2,0.0000,0,0.00024,0.002358547912563523,1.0929242831046349,2
420,1e-10,0.01,1e-06,0.5076,0.9684,3,0.0000,0,0.00036,0.002358547912563523,1.0929242831046349,2
420,1e-10,0.01,1e-06,0.5665,0.9684,1,0.0000,0,0.00022,0.0022612882048289444,1.0929242831046349,2
666,1e-10,0.01,1e-06,0.5364,0.9684,1,0.0000,0,0.00029,0.0022369732778953,1.0929242831046349,2
666,1e-10,0.01,1e-06,0.5966,0.9684,2,0.0000,0,0.00024,0.002258547912563523,1.0929242831046349,2
666,1e-10,0.01,1e-06,0.5076,0.9684,3,0.0000,0,0.00036,0.002358547912563523,1.0929242831046349,2
69,1e-10,0.01,1e-06,0.4560,0.9684,1,0.0000,0,0.00029,0.002115398643227077,1.0929242831046349,3
69,1e-10,0.01,1e-06,0.4518,0.9684,2,0.0000,0,0.00022,0.002066768789359788,1.0929242831046349,3
69,1e-10,0.01,1e-06,0.4436,0.9684,3,0.0000,0,0.00027,0.0023828628394971674,1.0929242831046349,3
420,1e-10,0.01,1e-06,0.5472,0.9684,1,0.0000,0,0.00041,0.002455807620298101,1.0929242831046349,3
420,1e-10,0.01,1e-06,0.4430,0.9684,2,0.0000,0,0.00029,0.0021397135701607217,1.0929242831046349,3
420,1e-10,0.01,1e-06,0.4684,0.9684,3,0.0000,0,0.00027,0.0021640284970943662,1.0929242831046349,3
666,1e-10,0.01,1e-06,0.5665,0.9684,1,0.0000,0,0.00022,0.0022612882048289444,1.0929242831046349,3
666,1e-10,0.01,1e-06,0.5537,0.9684,2,0.0000,0,0.00027,0.002358547912563523,1.0929242831046349,3
666,1e-10,0.01,1e-06,0.5019,0.9684,3,0.0000,0,0.00034,0.0019451941546915652,1.0929242831046349,3
