69,1e-10,1e-08,1e-06,0.5000,0.5329,1,0.0000,0,0.00132,0.005948446794448116,0.0010513243749782732,1
69,1e-10,1e-06,1e-06,0.5000,0.5329,1,0.0000,0,0.00132,0.005948446794448116,0.010515064573579917,1
69,1e-10,1e-05,1e-06,0.5645,0.5329,1,0.0000,0,0.00132,0.006609385327164574,0.03326582842198781,1
69,1e-10,0.0001,1e-06,0.7349,0.5329,1,0.0000,0,0.00132,0.006609385327164574,0.10535153938002939,1
69,1e-10,0.001,1e-06,0.7235,0.5329,1,0.0000,0,0.00132,0.01255783212161269,0.3351238669315664,1
69,1e-10,0.005,1e-06,0.6012,0.5526,1,0.0000,0,0.00264,0.021810971579643092,0.7609814800359306,1
69,1e-10,0.01,1e-06,0.5777,0.5987,1,0.0000,0,0.00330,0.025776602775941838,1.0929242831046349,1
69,1e-10,0.05,1e-06,0.7305,0.6842,1,0.0000,0,0.00727,0.043621943159286185,2.695159231547217,1
69,1e-10,1.0,1e-06,0.7554,0.6974,1,0.0000,0,0.02842,0.1553205551883675,67.7620422318571,1
69,1e-10,inf,1e-06,0.7500,0.6711,1,0.0000,0,0.63781,0.9953734302709848,inf,1
69,1e-10,1e-08,1e-06,0.5000,0.5329,2,0.0000,0,0.00066,0.004626569729015202,0.0010513243749782732,1
69,1e-10,1e-06,1e-06,0.5282,0.5329,2,0.0000,0,0.00066,0.004626569729015202,0.010515064573579917,1
69,1e-10,1e-05,1e-06,0.5941,0.5329,2,0.0000,0,0.00066,0.005948446794448116,0.03326582842198781,1
69,1e-10,0.0001,1e-06,0.4937,0.5329,2,0.0000,0,0.00066,0.007270323859881031,0.10535153938002939,1
69,1e-10,0.001,1e-06,0.6389,0.5526,2,0.0000,0,0.00132,0.01255783212161269,0.3351238669315664,1
69,1e-10,0.005,1e-06,0.7242,0.5987,2,0.0000,0,0.00397,0.02247191011235955,0.7609814800359306,1
69,1e-10,0.01,1e-06,0.7293,0.6382,2,0.0000,0,0.00463,0.031064111037673495,1.0929242831046349,1
69,1e-10,0.05,1e-06,0.7305,0.6908,2,0.0000,0,0.00925,0.0495703899537343,2.695159231547217,1
69,1e-10,1.0,1e-06,0.7457,0.6579,2,0.0000,0,0.02842,0.1566424322538004,67.7620422318571,1
69,1e-10,inf,1e-06,0.7500,0.6711,2,0.0000,0,0.63781,0.9953734302709848,inf,1
69,1e-10,1e-08,1e-06,0.5000,0.5329,3,0.0000,0,0.00066,0.006609385327164574,0.0010513243749782732,1
69,1e-10,1e-06,1e-06,0.4718,0.5329,3,0.0000,0,0.00066,0.006609385327164574,0.010515064573579917,1
69,1e-10,1e-05,1e-06,0.2872,0.5329,3,0.0000,0,0.00066,0.006609385327164574,0.03326582842198781,1
69,1e-10,0.0001,1e-06,0.3161,0.5329,3,0.0000,0,0.00132,0.007931262392597489,0.10535153938002939,1
69,1e-10,0.001,1e-06,0.4871,0.5329,3,0.0000,0,0.00132,0.011235955056179775,0.3351238669315664,1
69,1e-10,0.005,1e-06,0.4719,0.5526,3,0.0000,0,0.00264,0.021810971579643092,0.7609814800359306,1
69,1e-10,0.01,1e-06,0.5782,0.5724,3,0.0000,0,0.00529,0.029742233972240583,1.0929242831046349,1
69,1e-10,0.05,1e-06,0.6940,0.6711,3,0.0000,0,0.00925,0.054196959682749506,2.695159231547217,1
69,1e-10,1.0,1e-06,0.7680,0.6974,3,0.0000,0,0.02578,0.1810971579643093,67.7620422318571,1
69,1e-10,inf,1e-06,0.7500,0.6711,3,0.0000,0,0.63781,0.9953734302709848,inf,1
420,1e-10,1e-08,1e-06,0.5000,0.5329,1,0.0000,0,0.00000,0.0039656311962987445,0.0010513243749782732,1
420,1e-10,1e-06,1e-06,0.5000,0.5329,1,0.0000,0,0.00000,0.0039656311962987445,0.010515064573579917,1
420,1e-10,1e-05,1e-06,0.5000,0.5329,1,0.0000,0,0.00000,0.0039656311962987445,0.03326582842198781,1
420,1e-10,0.0001,1e-06,0.5894,0.5329,1,0.0000,0,0.00000,0.007270323859881031,0.10535153938002939,1
420,1e-10,0.001,1e-06,0.7117,0.5329,1,0.0000,0,0.00066,0.011896893588896233,0.3351238669315664,1
420,1e-10,0.005,1e-06,0.7533,0.5592,1,0.0000,0,0.00198,0.01520158625247852,0.7609814800359306,1
420,1e-10,0.01,1e-06,0.7694,0.6118,1,0.0000,0,0.00330,0.025776602775941838,1.0929242831046349,1
420,1e-10,0.05,1e-06,0.7547,0.6645,1,0.0000,0,0.00661,0.05221414408460013,2.695159231547217,1
420,1e-10,1.0,1e-06,0.7637,0.7105,1,0.0000,0,0.01917,0.18043621943159285,67.7620422318571,1
420,1e-10,inf,1e-06,0.7498,0.6645,1,0.0000,0,0.62327,0.9940515532055518,inf,1
420,1e-10,1e-08,1e-06,0.5000,0.5329,2,0.0000,0,0.00132,0.005948446794448116,0.0010513243749782732,1
420,1e-10,1e-06,1e-06,0.5211,0.5329,2,0.0000,0,0.00132,0.006609385327164574,0.010515064573579917,1
420,1e-10,1e-05,1e-06,0.6504,0.5329,2,0.0000,0,0.00132,0.007270323859881031,0.03326582842198781,1
420,1e-10,0.0001,1e-06,0.6051,0.5329,2,0.0000,0,0.00132,0.00991407799074686,0.10535153938002939,1
420,1e-10,0.001,1e-06,0.6550,0.6250,2,0.0000,0,0.00198,0.016523463317911435,0.3351238669315664,1
420,1e-10,0.005,1e-06,0.7194,0.6250,2,0.0000,0,0.00198,0.02511566424322538,0.7609814800359306,1
420,1e-10,0.01,1e-06,0.7196,0.5987,2,0.0000,0,0.00330,0.029081295439524125,1.0929242831046349,1
420,1e-10,0.05,1e-06,0.7398,0.6908,2,0.0000,0,0.00727,0.044282881692002646,2.695159231547217,1
420,1e-10,1.0,1e-06,0.7649,0.7039,2,0.0000,0,0.02313,0.16391275611368142,67.7620422318571,1
420,1e-10,inf,1e-06,0.7498,0.6645,2,0.0000,0,0.62327,0.9940515532055518,inf,1
420,1e-10,1e-08,1e-06,0.5044,0.5329,3,0.0000,0,0.00066,0.003304692663582287,0.0010513243749782732,1
420,1e-10,1e-06,1e-06,0.5971,0.5329,3,0.0000,0,0.00066,0.0039656311962987445,0.010515064573579917,1
420,1e-10,1e-05,1e-06,0.5329,0.5329,3,0.0000,0,0.00066,0.004626569729015202,0.03326582842198781,1
420,1e-10,0.0001,1e-06,0.4098,0.5329,3,0.0000,0,0.00132,0.005287508261731659,0.10535153938002939,1
420,1e-10,0.001,1e-06,0.6134,0.5526,3,0.0000,0,0.00132,0.010575016523463317,0.3351238669315664,1
420,1e-10,0.005,1e-06,0.6461,0.5592,3,0.0000,0,0.00198,0.01784534038334435,0.7609814800359306,1
420,1e-10,0.01,1e-06,0.6579,0.5789,3,0.0000,0,0.00397,0.023793787177792465,1.0929242831046349,1
420,1e-10,0.05,1e-06,0.7132,0.6711,3,0.0000,0,0.00595,0.046926635822868476,2.695159231547217,1
420,1e-10,1.0,1e-06,0.7741,0.7039,3,0.0000,0,0.02181,0.16060806345009915,67.7620422318571,1
420,1e-10,inf,1e-06,0.7498,0.6645,3,0.0000,0,0.62327,0.9940515532055518,inf,1
666,1e-10,1e-08,1e-06,0.5000,0.5329,1,0.0000,0,0.00000,0.005287508261731659,0.0010513243749782732,1
666,1e-10,1e-06,1e-06,0.5000,0.5329,1,0.0000,0,0.00066,0.005948446794448116,0.010515064573579917,1
666,1e-10,1e-05,1e-06,0.5000,0.5329,1,0.0000,0,0.00066,0.005948446794448116,0.03326582842198781,1
666,1e-10,0.0001,1e-06,0.5669,0.5329,1,0.0000,0,0.00066,0.007931262392597489,0.10535153938002939,1
666,1e-10,0.001,1e-06,0.7334,0.5329,1,0.0000,0,0.00264,0.010575016523463317,0.3351238669315664,1
666,1e-10,0.005,1e-06,0.5781,0.5329,1,0.0000,0,0.00330,0.01982815598149372,0.7609814800359306,1
666,1e-10,0.01,1e-06,0.6108,0.5592,1,0.0000,0,0.00330,0.023793787177792465,1.0929242831046349,1
666,1e-10,0.05,1e-06,0.6985,0.6316,1,0.0000,0,0.00727,0.053536021150033045,2.695159231547217,1
666,1e-10,1.0,1e-06,0.7518,0.6974,1,0.0000,0,0.02379,0.1566424322538004,67.7620422318571,1
666,1e-10,inf,1e-06,0.7523,0.6645,1,0.0000,0,0.62525,0.9947124917382684,inf,1
666,1e-10,1e-08,1e-06,0.5000,0.5329,2,0.0000,0,0.00066,0.005287508261731659,0.0010513243749782732,1
666,1e-10,1e-06,1e-06,0.4155,0.5329,2,0.0000,0,0.00066,0.006609385327164574,0.010515064573579917,1
666,1e-10,1e-05,1e-06,0.2757,0.5329,2,0.0000,0,0.00132,0.007270323859881031,0.03326582842198781,1
666,1e-10,0.0001,1e-06,0.2746,0.5329,2,0.0000,0,0.00198,0.007270323859881031,0.10535153938002939,1
666,1e-10,0.001,1e-06,0.3755,0.5329,2,0.0000,0,0.00198,0.013218770654329148,0.3351238669315664,1
666,1e-10,0.005,1e-06,0.5858,0.5658,2,0.0000,0,0.00330,0.02247191011235955,0.7609814800359306,1
666,1e-10,0.01,1e-06,0.6595,0.5987,2,0.0000,0,0.00529,0.029742233972240583,1.0929242831046349,1
666,1e-10,0.05,1e-06,0.6873,0.6645,2,0.0000,0,0.00925,0.054196959682749506,2.695159231547217,1
666,1e-10,1.0,1e-06,0.7863,0.7105,2,0.0000,0,0.02710,0.16721744877726372,67.7620422318571,1
666,1e-10,inf,1e-06,0.7523,0.6645,2,0.0000,0,0.62525,0.9947124917382684,inf,1
666,1e-10,1e-08,1e-06,0.5000,0.5329,3,0.0000,0,0.00000,0.005948446794448116,0.0010513243749782732,1
666,1e-10,1e-06,1e-06,0.5000,0.5329,3,0.0000,0,0.00000,0.006609385327164574,0.010515064573579917,1
666,1e-10,1e-05,1e-06,0.5000,0.5329,3,0.0000,0,0.00000,0.006609385327164574,0.03326582842198781,1
666,1e-10,0.0001,1e-06,0.4710,0.5329,3,0.0000,0,0.00066,0.009253139458030404,0.10535153938002939,1
666,1e-10,0.001,1e-06,0.4879,0.5329,3,0.0000,0,0.00198,0.013218770654329148,0.3351238669315664,1
666,1e-10,0.005,1e-06,0.5973,0.5592,3,0.0000,0,0.00132,0.02247191011235955,0.7609814800359306,1
666,1e-10,0.01,1e-06,0.5492,0.6118,3,0.0000,0,0.00132,0.02775941837409121,1.0929242831046349,1
666,1e-10,0.05,1e-06,0.6410,0.6447,3,0.0000,0,0.00397,0.04824851288830139,2.695159231547217,1
666,1e-10,1.0,1e-06,0.7633,0.6974,3,0.0000,0,0.02379,0.17118307997356247,67.7620422318571,1
666,1e-10,inf,1e-06,0.7523,0.6645,2,0.0000,0,0.62525,0.9947124917382684,inf,1
